{"count":1,"gauges":{},"self":150.7153408,"total":150.87066099999998,"children":{"AgentSendState":{"count":11270,"self":0.084989,"total":0.084989,"children":null},"DecideAction":{"count":11270,"self":0.036821,"total":0.036821,"children":null},"AgentAct":{"count":11270,"self":0.032473999999999996,"total":0.032473999999999996,"children":null}}}