{"count":1,"gauges":{"My Behavior.CumulativeReward":{"count":208,"max":-0.152426958,"min":-57555.4844,"value":-16739.4141,"weightedAverage":-16741.94}},"self":569.5291904,"total":871.28411499999993,"children":{"AgentSendState":{"count":992006,"self":4.6623551999999995,"total":7.987946,"children":{"CollectObservations":{"count":99201,"self":1.887629,"total":1.887629,"children":null},"CollectDiscreteActionMasks":{"count":99201,"self":0.16469399999999998,"total":0.16469399999999998,"children":null},"AgentInfo.ToProto":{"count":99201,"self":0.584484,"total":1.2732679999999998,"children":{"GenerateSensorData":{"count":99201,"self":0.688784,"total":0.688784,"children":null}}}}},"DecideAction":{"count":992006,"self":288.4772352,"total":288.47723099999996,"children":null},"AgentAct":{"count":992006,"self":5.2860679999999993,"total":5.2886289999999994,"children":{"AgentInfo.ToProto":{"count":208,"self":0.0011719999999999999,"total":0.002561,"children":{"GenerateSensorData":{"count":208,"self":0.001389,"total":0.001389,"children":null}}}}}}}