{"count":1,"gauges":{"My Behavior.CumulativeReward":{"count":3,"max":-0.167455465,"min":-2.34871984,"value":-2.32092881,"weightedAverage":-1.11481082}},"self":9.6313312,"total":18.327181,"children":{"AgentSendState":{"count":14111,"self":0.076581,"total":0.431204,"children":{"CollectObservations":{"count":1412,"self":0.330814,"total":0.330814,"children":null},"CollectDiscreteActionMasks":{"count":1412,"self":0.002427,"total":0.002427,"children":null},"AgentInfo.ToProto":{"count":1412,"self":0.008842,"total":0.021381999999999998,"children":{"GenerateSensorData":{"count":1412,"self":0.012539999999999999,"total":0.012539999999999999,"children":null}}}}},"DecideAction":{"count":14111,"self":5.434206,"total":5.434206,"children":null},"AgentAct":{"count":14111,"self":2.829385,"total":2.829431,"children":{"AgentInfo.ToProto":{"count":3,"self":2.6E-05,"total":4.6E-05,"children":{"GenerateSensorData":{"count":3,"self":1.9999999999999998E-05,"total":1.9999999999999998E-05,"children":null}}}}}}}