{"count":1,"gauges":{},"self":0.18734399999999998,"total":0.188638,"children":null}