{"count":1,"gauges":{"My Behavior.CumulativeReward":{"count":5,"max":-2.38763523,"min":-2.73309183,"value":-2.73309183,"weightedAverage":-2.64052725}},"self":17.021888,"total":26.49567,"children":{"AgentSendState":{"count":27469,"self":0.141563,"total":0.23849399999999998,"children":{"CollectObservations":{"count":2747,"self":0.054248,"total":0.054248,"children":null},"CollectDiscreteActionMasks":{"count":2747,"self":0.004311,"total":0.004311,"children":null},"AgentInfo.ToProto":{"count":2747,"self":0.016673,"total":0.038371999999999996,"children":{"GenerateSensorData":{"count":2747,"self":0.021699,"total":0.021699,"children":null}}}}},"DecideAction":{"count":27469,"self":9.0804792,"total":9.080479,"children":null},"AgentAct":{"count":27469,"self":0.15385,"total":0.153914,"children":{"AgentInfo.ToProto":{"count":5,"self":3.1E-05,"total":6.4E-05,"children":{"GenerateSensorData":{"count":5,"self":3.2999999999999996E-05,"total":3.2999999999999996E-05,"children":null}}}}}}}