{"count":1,"gauges":{"My Behavior.CumulativeReward":{"count":7,"max":-0.310712457,"min":-2.85218787,"value":-2.52160668,"weightedAverage":-1.92236793}},"self":18.145465599999998,"total":28.447188999999998,"children":{"AgentSendState":{"count":30076,"self":0.150799,"total":0.26833599999999996,"children":{"CollectObservations":{"count":3008,"self":0.06926,"total":0.06926,"children":null},"CollectDiscreteActionMasks":{"count":3008,"self":0.0048969999999999994,"total":0.0048969999999999994,"children":null},"AgentInfo.ToProto":{"count":3008,"self":0.019114,"total":0.043379999999999995,"children":{"GenerateSensorData":{"count":3008,"self":0.024266,"total":0.024266,"children":null}}}}},"DecideAction":{"count":30076,"self":9.8601511999999989,"total":9.860151,"children":null},"AgentAct":{"count":30076,"self":0.172178,"total":0.172269,"children":{"AgentInfo.ToProto":{"count":7,"self":4.6E-05,"total":9.0999999999999989E-05,"children":{"GenerateSensorData":{"count":7,"self":4.4999999999999996E-05,"total":4.4999999999999996E-05,"children":null}}}}}}}