{"count":1,"gauges":{"TouchCube.CumulativeReward":{"count":1229,"max":-0.0176349767,"min":-23670.418,"value":-0.103986591,"weightedAverage":-1.23712575}},"self":2633.3876224,"total":3990.5323019999996,"children":{"AgentSendState":{"count":3982557,"self":19.836515199999997,"total":33.660821999999996,"children":{"CollectObservations":{"count":398256,"self":7.590636,"total":7.590636,"children":null},"CollectDiscreteActionMasks":{"count":398256,"self":0.665771,"total":0.665771,"children":null},"AgentInfo.ToProto":{"count":398256,"self":2.466642,"total":5.567899,"children":{"GenerateSensorData":{"count":398256,"self":3.101257,"total":3.101257,"children":null}}}}},"DecideAction":{"count":3982557,"self":1301.7453567999999,"total":1301.745307,"children":null},"AgentAct":{"count":3982557,"self":21.7169088,"total":21.737541,"children":{"AgentInfo.ToProto":{"count":1229,"self":0.007205,"total":0.020633,"children":{"GenerateSensorData":{"count":1229,"self":0.013427999999999999,"total":0.013427999999999999,"children":null}}}}}}}