{"count":1,"gauges":{},"self":2.6538459999999997,"total":2.657435,"children":{"AgentSendState":{"count":184,"self":0.001498,"total":0.001498,"children":null},"DecideAction":{"count":184,"self":0.00063999999999999994,"total":0.00063999999999999994,"children":null},"AgentAct":{"count":184,"self":0.000583,"total":0.000583,"children":null}}}